metric,category,type,sort_text,frequency,value_numeric,period_date_desc,release_date_desc
Consumer Durable Goods New Orders,Consumer Spending,Coincident,Consumer Spending,monthly,47.35,2024-01-01,2024-02-05
Consumer Durable Goods New Orders,Consumer Spending,Coincident,Consumer Spending,monthly,47.16,2024-02-01,2024-03-07
Consumer Durable Goods New Orders,Consumer Spending,Coincident,Consumer Spending,monthly,48.28,2024-03-01,2024-04-05
Consumer Durable Goods New Orders,Consumer Spending,Coincident,Consumer Spending,monthly,49.28,2024-04-01,2024-05-06
Consumer Durable Goods New Orders,Consumer Spending,Coincident,Consumer Spending,monthly,47.58,2024-05-01,2024-06-05
Consumer Durable Goods New Orders,Consumer Spending,Coincident,Consumer Spending,monthly,47.74,2024-06-01,2024-07-06
Consumer Durable Goods New Orders,Consumer Spending,Coincident,Consumer Spending,monthly,48.52,2024-07-01,2024-08-05
Consumer Durable Goods New Orders,Consumer Spending,Coincident,Consumer Spending,monthly,48.54,2024-08-01,2024-09-05
Consumer Durable Goods New Orders,Consumer Spending,Coincident,Consumer Spending,monthly,47.61,2024-09-01,2024-10-06
Consumer Durable Goods New Orders,Consumer Spending,Coincident,Consumer Spending,monthly,45.04,2024-10-01,2024-11-05
Consumer Durable Goods New Orders,Consumer Spending,Coincident,Consumer Spending,monthly,46.66,2024-11-01,2024-12-06
Consumer Durable Goods New Orders,Consumer Spending,Coincident,Consumer Spending,monthly,47.34,2024-12-01,2025-01-05
Consumer Durable Goods New Orders,Consumer Spending,Coincident,Consumer Spending,monthly,47.35,2025-01-01,2025-02-05
Consumer Durable Goods New Orders,Consumer Spending,Coincident,Consumer Spending,monthly,47.16,2025-02-01,2025-03-08
Consumer Durable Goods New Orders,Consumer Spending,Coincident,Consumer Spending,monthly,48.28,2025-03-01,2025-04-05
Consumer Durable Goods New Orders,Consumer Spending,Coincident,Consumer Spending,monthly,49.48,2025-04-01,2025-05-06
Consumer Durable Goods New Orders,Consumer Spending,Coincident,Consumer Spending,monthly,48.44,2025-05-01,2025-06-05
Consumer Durable Goods New Orders,Consumer Spending,Coincident,Consumer Spending,monthly,47.16,2025-06-01,2025-07-06
E-commerce Retail Sales,Consumer Spending,Coincident,Consumer Spending,monthly,118.5,2024-01-01,2024-02-15
E-commerce Retail Sales,Consumer Spending,Coincident,Consumer Spending,monthly,119.2,2024-02-01,2024-03-17
E-commerce Retail Sales,Consumer Spending,Coincident,Consumer Spending,monthly,119.8,2024-03-01,2024-04-15
E-commerce Retail Sales,Consumer Spending,Coincident,Consumer Spending,monthly,120.5,2024-04-01,2024-05-16
E-commerce Retail Sales,Consumer Spending,Coincident,Consumer Spending,monthly,121.1,2024-05-01,2024-06-15
E-commerce Retail Sales,Consumer Spending,Coincident,Consumer Spending,monthly,121.8,2024-06-01,2024-07-16
E-commerce Retail Sales,Consumer Spending,Coincident,Consumer Spending,monthly,122.4,2024-07-01,2024-08-15
E-commerce Retail Sales,Consumer Spending,Coincident,Consumer Spending,monthly,123.1,2024-08-01,2024-09-15
E-commerce Retail Sales,Consumer Spending,Coincident,Consumer Spending,monthly,123.7,2024-09-01,2024-10-16
E-commerce Retail Sales,Consumer Spending,Coincident,Consumer Spending,monthly,124.4,2024-10-01,2024-11-15
E-commerce Retail Sales,Consumer Spending,Coincident,Consumer Spending,monthly,125.0,2024-11-01,2024-12-16
E-commerce Retail Sales,Consumer Spending,Coincident,Consumer Spending,monthly,125.6,2024-12-01,2025-01-15
E-commerce Retail Sales,Consumer Spending,Coincident,Consumer Spending,monthly,122.8,2025-01-01,2025-02-15
E-commerce Retail Sales,Consumer Spending,Coincident,Consumer Spending,monthly,123.5,2025-02-01,2025-03-18
E-commerce Retail Sales,Consumer Spending,Coincident,Consumer Spending,monthly,124.2,2025-03-01,2025-04-15
E-commerce Retail Sales,Consumer Spending,Coincident,Consumer Spending,monthly,124.8,2025-04-01,2025-05-16
E-commerce Retail Sales,Consumer Spending,Coincident,Consumer Spending,monthly,125.4,2025-05-01,2025-06-15
E-commerce Retail Sales,Consumer Spending,Coincident,Consumer Spending,monthly,125.31,2025-06-01,2025-07-16
Personal Saving Rate,Consumer Spending,Coincident,Consumer Spending,monthly,5.5,2024-01-01,2024-01-31
Personal Saving Rate,Consumer Spending,Coincident,Consumer Spending,monthly,5.4,2024-02-01,2024-03-02
Personal Saving Rate,Consumer Spending,Coincident,Consumer Spending,monthly,5.2,2024-03-01,2024-03-31
Personal Saving Rate,Consumer Spending,Coincident,Consumer Spending,monthly,5.1,2024-04-01,2024-05-01
Personal Saving Rate,Consumer Spending,Coincident,Consumer Spending,monthly,4.9,2024-05-01,2024-05-31
Personal Saving Rate,Consumer Spending,Coincident,Consumer Spending,monthly,5.0,2024-06-01,2024-07-01
Personal Saving Rate,Consumer Spending,Coincident,Consumer Spending,monthly,4.6,2024-07-01,2024-07-31
Personal Saving Rate,Consumer Spending,Coincident,Consumer Spending,monthly,4.7,2024-08-01,2024-08-31
Personal Saving Rate,Consumer Spending,Coincident,Consumer Spending,monthly,4.4,2024-09-01,2024-10-01
Personal Saving Rate,Consumer Spending,Coincident,Consumer Spending,monthly,4.5,2024-10-01,2024-10-31
Personal Saving Rate,Consumer Spending,Coincident,Consumer Spending,monthly,4.6,2024-11-01,2024-12-01
Personal Saving Rate,Consumer Spending,Coincident,Consumer Spending,monthly,4.4,2024-12-01,2024-12-31
Personal Saving Rate,Consumer Spending,Coincident,Consumer Spending,monthly,4.2,2025-01-01,2025-01-31
Personal Saving Rate,Consumer Spending,Coincident,Consumer Spending,monthly,4.4,2025-02-01,2025-03-03
Personal Saving Rate,Consumer Spending,Coincident,Consumer Spending,monthly,4.4,2025-03-01,2025-03-31
Personal Saving Rate,Consumer Spending,Coincident,Consumer Spending,monthly,4.9,2025-04-01,2025-05-01
Personal Saving Rate,Consumer Spending,Coincident,Consumer Spending,monthly,4.5,2025-05-01,2025-05-31
Personal Saving Rate,Consumer Spending,Coincident,Consumer Spending,monthly,4.5,2025-06-01,2025-07-01
Real Disposable Personal Income,Consumer Spending,Coincident,Consumer Spending,monthly,17.43,2024-01-01,2024-01-31
Real Disposable Personal Income,Consumer Spending,Coincident,Consumer Spending,monthly,17.44,2024-02-01,2024-03-02
Real Disposable Personal Income,Consumer Spending,Coincident,Consumer Spending,monthly,17.49,2024-03-01,2024-03-31
Real Disposable Personal Income,Consumer Spending,Coincident,Consumer Spending,monthly,17.46,2024-04-01,2024-05-01
Real Disposable Personal Income,Consumer Spending,Coincident,Consumer Spending,monthly,17.51,2024-05-01,2024-05-31
Real Disposable Personal Income,Consumer Spending,Coincident,Consumer Spending,monthly,17.52,2024-06-01,2024-07-01
Real Disposable Personal Income,Consumer Spending,Coincident,Consumer Spending,monthly,17.51,2024-07-01,2024-07-31
Real Disposable Personal Income,Consumer Spending,Coincident,Consumer Spending,monthly,17.49,2024-08-01,2024-08-31
Real Disposable Personal Income,Consumer Spending,Coincident,Consumer Spending,monthly,17.52,2024-09-01,2024-10-01
Real Disposable Personal Income,Consumer Spending,Coincident,Consumer Spending,monthly,17.59,2024-10-01,2024-10-31
Real Disposable Personal Income,Consumer Spending,Coincident,Consumer Spending,monthly,17.62,2024-11-01,2024-12-01
Real Disposable Personal Income,Consumer Spending,Coincident,Consumer Spending,monthly,17.64,2024-12-01,2024-12-31
Real Disposable Personal Income,Consumer Spending,Coincident,Consumer Spending,monthly,17.65,2025-01-01,2025-01-31
Real Disposable Personal Income,Consumer Spending,Coincident,Consumer Spending,monthly,17.7,2025-02-01,2025-03-03
Real Disposable Personal Income,Consumer Spending,Coincident,Consumer Spending,monthly,17.81,2025-03-01,2025-03-31
Real Disposable Personal Income,Consumer Spending,Coincident,Consumer Spending,monthly,17.93,2025-04-01,2025-05-01
Real Disposable Personal Income,Consumer Spending,Coincident,Consumer Spending,monthly,17.81,2025-05-01,2025-05-31
Real Disposable Personal Income,Consumer Spending,Coincident,Consumer Spending,monthly,17.81,2025-06-01,2025-07-01
Retail Sales Ex Auto,Consumer Spending,Coincident,Consumer Spending,monthly,551.1,2024-01-01,2024-01-16
Retail Sales Ex Auto,Consumer Spending,Coincident,Consumer Spending,monthly,553.81,2024-02-01,2024-02-16
Retail Sales Ex Auto,Consumer Spending,Coincident,Consumer Spending,monthly,557.43,2024-03-01,2024-03-16
Retail Sales Ex Auto,Consumer Spending,Coincident,Consumer Spending,monthly,558.39,2024-04-01,2024-04-16
Retail Sales Ex Auto,Consumer Spending,Coincident,Consumer Spending,monthly,560.13,2024-05-01,2024-05-16
Retail Sales Ex Auto,Consumer Spending,Coincident,Consumer Spending,monthly,564.44,2024-06-01,2024-06-16
Retail Sales Ex Auto,Consumer Spending,Coincident,Consumer Spending,monthly,566.44,2024-07-01,2024-07-16
Retail Sales Ex Auto,Consumer Spending,Coincident,Consumer Spending,monthly,565.43,2024-08-01,2024-08-16
Retail Sales Ex Auto,Consumer Spending,Coincident,Consumer Spending,monthly,570.69,2024-09-01,2024-09-16
Retail Sales Ex Auto,Consumer Spending,Coincident,Consumer Spending,monthly,572.59,2024-10-01,2024-10-16
Retail Sales Ex Auto,Consumer Spending,Coincident,Consumer Spending,monthly,572.54,2024-11-01,2024-11-16
Retail Sales Ex Auto,Consumer Spending,Coincident,Consumer Spending,monthly,576.69,2024-12-01,2024-12-16
Retail Sales Ex Auto,Consumer Spending,Coincident,Consumer Spending,monthly,575.14,2025-01-01,2025-01-16
Retail Sales Ex Auto,Consumer Spending,Coincident,Consumer Spending,monthly,577.38,2025-02-01,2025-02-16
Retail Sales Ex Auto,Consumer Spending,Coincident,Consumer Spending,monthly,581.04,2025-03-01,2025-03-16
Retail Sales Ex Auto,Consumer Spending,Coincident,Consumer Spending,monthly,580.39,2025-04-01,2025-04-16
Retail Sales Ex Auto,Consumer Spending,Coincident,Consumer Spending,monthly,583.33,2025-05-01,2025-05-16
Retail Sales Ex Auto,Consumer Spending,Coincident,Consumer Spending,monthly,583.33,2025-06-01,2025-06-16
Retail Sales: Food Services,Consumer Spending,Coincident,Consumer Spending,monthly,95.2,2024-01-01,2024-01-16
Retail Sales: Food Services,Consumer Spending,Coincident,Consumer Spending,monthly,96.1,2024-02-01,2024-02-16
Retail Sales: Food Services,Consumer Spending,Coincident,Consumer Spending,monthly,97.0,2024-03-01,2024-03-16
Retail Sales: Food Services,Consumer Spending,Coincident,Consumer Spending,monthly,97.8,2024-04-01,2024-04-16
Retail Sales: Food Services,Consumer Spending,Coincident,Consumer Spending,monthly,98.7,2024-05-01,2024-05-16
Retail Sales: Food Services,Consumer Spending,Coincident,Consumer Spending,monthly,99.5,2024-06-01,2024-06-16
Retail Sales: Food Services,Consumer Spending,Coincident,Consumer Spending,monthly,100.4,2024-07-01,2024-07-16
Retail Sales: Food Services,Consumer Spending,Coincident,Consumer Spending,monthly,101.2,2024-08-01,2024-08-16
Retail Sales: Food Services,Consumer Spending,Coincident,Consumer Spending,monthly,102.1,2024-09-01,2024-09-16
Retail Sales: Food Services,Consumer Spending,Coincident,Consumer Spending,monthly,102.9,2024-10-01,2024-10-16
Retail Sales: Food Services,Consumer Spending,Coincident,Consumer Spending,monthly,103.8,2024-11-01,2024-11-16
Retail Sales: Food Services,Consumer Spending,Coincident,Consumer Spending,monthly,104.6,2024-12-01,2024-12-16
Retail Sales: Food Services,Consumer Spending,Coincident,Consumer Spending,monthly,105.5,2025-01-01,2025-01-16
Retail Sales: Food Services,Consumer Spending,Coincident,Consumer Spending,monthly,106.3,2025-02-01,2025-02-16
Retail Sales: Food Services,Consumer Spending,Coincident,Consumer Spending,monthly,107.2,2025-03-01,2025-03-16
Retail Sales: Food Services,Consumer Spending,Coincident,Consumer Spending,monthly,108.0,2025-04-01,2025-04-16
Retail Sales: Food Services,Consumer Spending,Coincident,Consumer Spending,monthly,108.9,2025-05-01,2025-05-16
Retail Sales: Food Services,Consumer Spending,Coincident,Consumer Spending,monthly,109.7,2025-06-01,2025-06-16
Average Hourly Earnings,Employment,Coincident,Employment,monthly,34.47,2024-01-01,2024-01-08
Average Hourly Earnings,Employment,Coincident,Employment,monthly,34.54,2024-02-01,2024-02-08
Average Hourly Earnings,Employment,Coincident,Employment,monthly,34.67,2024-03-01,2024-03-08
Average Hourly Earnings,Employment,Coincident,Employment,monthly,34.75,2024-04-01,2024-04-08
Average Hourly Earnings,Employment,Coincident,Employment,monthly,34.89,2024-05-01,2024-05-08
Average Hourly Earnings,Employment,Coincident,Employment,monthly,35.0,2024-06-01,2024-06-08
Average Hourly Earnings,Employment,Coincident,Employment,monthly,35.07,2024-07-01,2024-07-08
Average Hourly Earnings,Employment,Coincident,Employment,monthly,35.23,2024-08-01,2024-08-08
Average Hourly Earnings,Employment,Coincident,Employment,monthly,35.33,2024-09-01,2024-09-08
Average Hourly Earnings,Employment,Coincident,Employment,monthly,35.48,2024-10-01,2024-10-08
Average Hourly Earnings,Employment,Coincident,Employment,monthly,35.61,2024-11-01,2024-11-08
Average Hourly Earnings,Employment,Coincident,Employment,monthly,35.68,2024-12-01,2024-12-08
Average Hourly Earnings,Employment,Coincident,Employment,monthly,35.83,2025-01-01,2025-01-08
Average Hourly Earnings,Employment,Coincident,Employment,monthly,35.9,2025-02-01,2025-02-08
Average Hourly Earnings,Employment,Coincident,Employment,monthly,36.02,2025-03-01,2025-03-08
Average Hourly Earnings,Employment,Coincident,Employment,monthly,36.22,2025-04-01,2025-04-08
Average Hourly Earnings,Employment,Coincident,Employment,monthly,36.3,2025-05-01,2025-05-08
Average Hourly Earnings,Employment,Coincident,Employment,monthly,36.3,2025-06-01,2025-06-08
Average Weekly Hours Manufacturing,Employment,Leading,Employment,monthly,39.9,2024-01-01,2024-01-08
Average Weekly Hours Manufacturing,Employment,Leading,Employment,monthly,40.0,2024-02-01,2024-02-08
Average Weekly Hours Manufacturing,Employment,Leading,Employment,monthly,40.0,2024-03-01,2024-03-08
Average Weekly Hours Manufacturing,Employment,Leading,Employment,monthly,40.1,2024-04-01,2024-04-08
Average Weekly Hours Manufacturing,Employment,Leading,Employment,monthly,40.1,2024-05-01,2024-05-08
Average Weekly Hours Manufacturing,Employment,Leading,Employment,monthly,40.2,2024-06-01,2024-06-08
Average Weekly Hours Manufacturing,Employment,Leading,Employment,monthly,40.0,2024-07-01,2024-07-08
Average Weekly Hours Manufacturing,Employment,Leading,Employment,monthly,40.0,2024-08-01,2024-08-08
Average Weekly Hours Manufacturing,Employment,Leading,Employment,monthly,40.0,2024-09-01,2024-09-08
Average Weekly Hours Manufacturing,Employment,Leading,Employment,monthly,39.9,2024-10-01,2024-10-08
Average Weekly Hours Manufacturing,Employment,Leading,Employment,monthly,40.1,2024-11-01,2024-11-08
Average Weekly Hours Manufacturing,Employment,Leading,Employment,monthly,40.1,2024-12-01,2024-12-08
Average Weekly Hours Manufacturing,Employment,Leading,Employment,monthly,40.0,2025-01-01,2025-01-08
Average Weekly Hours Manufacturing,Employment,Leading,Employment,monthly,40.1,2025-02-01,2025-02-08
Average Weekly Hours Manufacturing,Employment,Leading,Employment,monthly,40.2,2025-03-01,2025-03-08
Average Weekly Hours Manufacturing,Employment,Leading,Employment,monthly,40.1,2025-04-01,2025-04-08
Average Weekly Hours Manufacturing,Employment,Leading,Employment,monthly,40.1,2025-05-01,2025-05-08
Average Weekly Hours Manufacturing,Employment,Leading,Employment,monthly,40.1,2025-06-01,2025-06-08
Continuing Claims,Employment,Lagging,Employment,weekly,1850.0,2024-01-01,2024-01-05
Continuing Claims,Employment,Lagging,Employment,weekly,1839.0,2024-02-01,2024-02-05
Continuing Claims,Employment,Lagging,Employment,weekly,1847.0,2024-03-01,2024-03-05
Continuing Claims,Employment,Lagging,Employment,weekly,1833.0,2024-04-01,2024-04-05
Continuing Claims,Employment,Lagging,Employment,weekly,1907.0,2024-05-01,2024-05-05
Continuing Claims,Employment,Lagging,Employment,weekly,1860.0,2024-06-01,2024-06-05
Continuing Claims,Employment,Lagging,Employment,weekly,1855.0,2024-07-01,2024-07-05
Continuing Claims,Employment,Lagging,Employment,weekly,1843.0,2024-08-01,2024-08-05
Continuing Claims,Employment,Lagging,Employment,weekly,1821.0,2024-09-01,2024-09-05
Continuing Claims,Employment,Lagging,Employment,weekly,1884.0,2024-10-01,2024-10-05
Continuing Claims,Employment,Lagging,Employment,weekly,1892.0,2024-11-01,2024-11-05
Continuing Claims,Employment,Lagging,Employment,weekly,1882.0,2024-12-01,2024-12-05
Continuing Claims,Employment,Lagging,Employment,weekly,1888.0,2025-01-01,2025-01-05
Continuing Claims,Employment,Lagging,Employment,weekly,1851.0,2025-02-01,2025-02-05
Continuing Claims,Employment,Lagging,Employment,weekly,1847.0,2025-03-01,2025-03-05
Continuing Claims,Employment,Lagging,Employment,weekly,1872.0,2025-04-01,2025-04-05
Continuing Claims,Employment,Lagging,Employment,weekly,1951.0,2025-05-01,2025-05-05
Continuing Claims,Employment,Lagging,Employment,weekly,1955.0,2025-06-01,2025-06-05
Employment Population Ratio,Employment,Coincident,Employment,monthly,59.7,2024-01-01,2024-01-08
Employment Population Ratio,Employment,Coincident,Employment,monthly,59.9,2024-02-01,2024-02-08
Employment Population Ratio,Employment,Coincident,Employment,monthly,60.2,2024-03-01,2024-03-08
Employment Population Ratio,Employment,Coincident,Employment,monthly,60.3,2024-04-01,2024-04-08
Employment Population Ratio,Employment,Coincident,Employment,monthly,60.1,2024-05-01,2024-05-08
Employment Population Ratio,Employment,Coincident,Employment,monthly,60.3,2024-06-01,2024-06-08
Employment Population Ratio,Employment,Coincident,Employment,monthly,60.3,2024-07-01,2024-07-08
Employment Population Ratio,Employment,Coincident,Employment,monthly,60.0,2024-08-01,2024-08-08
Employment Population Ratio,Employment,Coincident,Employment,monthly,60.2,2024-09-01,2024-09-08
Employment Population Ratio,Employment,Coincident,Employment,monthly,60.1,2024-10-01,2024-10-08
Employment Population Ratio,Employment,Coincident,Employment,monthly,59.9,2024-11-01,2024-11-08
Employment Population Ratio,Employment,Coincident,Employment,monthly,59.8,2024-12-01,2024-12-08
Employment Population Ratio,Employment,Coincident,Employment,monthly,59.5,2025-01-01,2025-01-08
Employment Population Ratio,Employment,Coincident,Employment,monthly,59.6,2025-02-01,2025-02-08
Employment Population Ratio,Employment,Coincident,Employment,monthly,59.9,2025-03-01,2025-03-08
Employment Population Ratio,Employment,Coincident,Employment,monthly,60.0,2025-04-01,2025-04-08
Employment Population Ratio,Employment,Coincident,Employment,monthly,59.7,2025-05-01,2025-05-08
Employment Population Ratio,Employment,Coincident,Employment,monthly,59.9,2025-06-01,2025-06-08
Initial Jobless Claims,Employment,Leading,Employment,weekly,234.0,2024-01-01,2024-01-05
Initial Jobless Claims,Employment,Leading,Employment,weekly,215.0,2024-02-01,2024-02-05
Initial Jobless Claims,Employment,Leading,Employment,weekly,225.0,2024-03-01,2024-03-05
Initial Jobless Claims,Employment,Leading,Employment,weekly,216.0,2024-04-01,2024-04-05
Initial Jobless Claims,Employment,Leading,Employment,weekly,228.0,2024-05-01,2024-05-05
Initial Jobless Claims,Employment,Leading,Employment,weekly,246.0,2024-06-01,2024-06-05
Initial Jobless Claims,Employment,Leading,Employment,weekly,231.0,2024-07-01,2024-07-05
Initial Jobless Claims,Employment,Leading,Employment,weekly,287.0,2024-08-01,2024-08-05
Initial Jobless Claims,Employment,Leading,Employment,weekly,225.0,2024-09-01,2024-09-05
Initial Jobless Claims,Employment,Leading,Employment,weekly,240.0,2024-10-01,2024-10-05
Initial Jobless Claims,Employment,Leading,Employment,weekly,219.0,2024-11-01,2024-11-05
Initial Jobless Claims,Employment,Leading,Employment,weekly,222.0,2024-12-01,2024-12-05
Initial Jobless Claims,Employment,Leading,Employment,weekly,210.0,2025-01-01,2025-01-05
Initial Jobless Claims,Employment,Leading,Employment,weekly,222.0,2025-02-01,2025-02-05
Initial Jobless Claims,Employment,Leading,Employment,weekly,225.0,2025-03-01,2025-03-05
Initial Jobless Claims,Employment,Leading,Employment,weekly,216.0,2025-04-01,2025-04-05
Initial Jobless Claims,Employment,Leading,Employment,weekly,239.0,2025-05-01,2025-05-05
Initial Jobless Claims,Employment,Leading,Employment,weekly,217.0,2025-06-01,2025-06-05
JOLTS Hires Rate,Employment,Coincident,Employment,monthly,3.3,2024-01-01,2024-03-01
JOLTS Hires Rate,Employment,Coincident,Employment,monthly,3.4,2024-02-01,2024-04-01
JOLTS Hires Rate,Employment,Coincident,Employment,monthly,3.5,2024-03-01,2024-04-30
JOLTS Hires Rate,Employment,Coincident,Employment,monthly,3.4,2024-04-01,2024-05-31
JOLTS Hires Rate,Employment,Coincident,Employment,monthly,3.3,2024-05-01,2024-06-30
JOLTS Hires Rate,Employment,Coincident,Employment,monthly,3.5,2024-06-01,2024-07-31
JOLTS Hires Rate,Employment,Coincident,Employment,monthly,3.4,2024-07-01,2024-08-30
JOLTS Hires Rate,Employment,Coincident,Employment,monthly,3.3,2024-08-01,2024-09-30
JOLTS Hires Rate,Employment,Coincident,Employment,monthly,3.4,2024-09-01,2024-10-31
JOLTS Hires Rate,Employment,Coincident,Employment,monthly,3.3,2024-10-01,2024-11-30
JOLTS Hires Rate,Employment,Coincident,Employment,monthly,3.4,2024-11-01,2024-12-31
JOLTS Hires Rate,Employment,Coincident,Employment,monthly,3.5,2024-12-01,2025-01-30
JOLTS Hires Rate,Employment,Coincident,Employment,monthly,3.4,2025-01-01,2025-03-02
JOLTS Hires Rate,Employment,Coincident,Employment,monthly,3.3,2025-02-01,2025-04-02
JOLTS Hires Rate,Employment,Coincident,Employment,monthly,3.4,2025-03-01,2025-04-30
JOLTS Hires Rate,Employment,Coincident,Employment,monthly,3.5,2025-04-01,2025-05-31
JOLTS Hires Rate,Employment,Coincident,Employment,monthly,3.4,2025-05-01,2025-06-30
JOLTS Hires Rate,Employment,Coincident,Employment,monthly,3.4,2025-06-01,2025-07-31
Job Openings,Employment,Leading,Employment,monthly,8863.0,2024-01-01,2024-03-01
Job Openings,Employment,Leading,Employment,monthly,8748.0,2024-02-01,2024-04-01
Job Openings,Employment,Leading,Employment,monthly,8756.0,2024-03-01,2024-04-30
Job Openings,Employment,Leading,Employment,monthly,8488.0,2024-04-01,2024-05-31
Job Openings,Employment,Leading,Employment,monthly,8059.0,2024-05-01,2024-06-30
Job Openings,Employment,Leading,Employment,monthly,8140.0,2024-06-01,2024-07-31
Job Openings,Employment,Leading,Employment,monthly,8184.0,2024-07-01,2024-08-30
Job Openings,Employment,Leading,Employment,monthly,8040.0,2024-08-01,2024-09-30
Job Openings,Employment,Leading,Employment,monthly,7861.0,2024-09-01,2024-10-31
Job Openings,Employment,Leading,Employment,monthly,7744.0,2024-10-01,2024-11-30
Job Openings,Employment,Leading,Employment,monthly,7364.0,2024-11-01,2024-12-31
Job Openings,Employment,Leading,Employment,monthly,7673.0,2024-12-01,2025-01-30
Job Openings,Employment,Leading,Employment,monthly,8938.0,2025-01-01,2025-03-02
Job Openings,Employment,Leading,Employment,monthly,7635.0,2025-02-01,2025-04-02
Job Openings,Employment,Leading,Employment,monthly,7395.0,2025-03-01,2025-04-30
Job Openings,Employment,Leading,Employment,monthly,7423.0,2025-04-01,2025-05-31
Job Openings,Employment,Leading,Employment,monthly,7769.0,2025-05-01,2025-06-30
Job Openings,Employment,Leading,Employment,monthly,7769.0,2025-06-01,2025-07-31
Quit Rate,Employment,Coincident,Employment,monthly,2.3,2024-01-01,2024-03-01
Quit Rate,Employment,Coincident,Employment,monthly,2.2,2024-02-01,2024-04-01
Quit Rate,Employment,Coincident,Employment,monthly,2.3,2024-03-01,2024-04-30
Quit Rate,Employment,Coincident,Employment,monthly,2.2,2024-04-01,2024-05-31
Quit Rate,Employment,Coincident,Employment,monthly,2.1,2024-05-01,2024-06-30
Quit Rate,Employment,Coincident,Employment,monthly,2.2,2024-06-01,2024-07-31
Quit Rate,Employment,Coincident,Employment,monthly,2.1,2024-07-01,2024-08-30
Quit Rate,Employment,Coincident,Employment,monthly,2.0,2024-08-01,2024-09-30
Quit Rate,Employment,Coincident,Employment,monthly,2.1,2024-09-01,2024-10-31
Quit Rate,Employment,Coincident,Employment,monthly,2.0,2024-10-01,2024-11-30
Quit Rate,Employment,Coincident,Employment,monthly,2.1,2024-11-01,2024-12-31
Quit Rate,Employment,Coincident,Employment,monthly,2.2,2024-12-01,2025-01-30
Quit Rate,Employment,Coincident,Employment,monthly,2.1,2025-01-01,2025-03-02
Quit Rate,Employment,Coincident,Employment,monthly,2.0,2025-02-01,2025-04-02
Quit Rate,Employment,Coincident,Employment,monthly,2.1,2025-03-01,2025-04-30
Quit Rate,Employment,Coincident,Employment,monthly,2.0,2025-04-01,2025-05-31
Quit Rate,Employment,Coincident,Employment,monthly,2.1,2025-05-01,2025-06-30
Quit Rate,Employment,Coincident,Employment,monthly,2.1,2025-06-01,2025-07-31
Labor Force Participation Rate,Employment,Coincident,Employment,monthly,62.5,2024-01-01,2024-01-08
Labor Force Participation Rate,Employment,Coincident,Employment,monthly,62.6,2024-02-01,2024-02-08
Labor Force Participation Rate,Employment,Coincident,Employment,monthly,62.7,2024-03-01,2024-03-08
Labor Force Participation Rate,Employment,Coincident,Employment,monthly,62.7,2024-04-01,2024-04-08
Labor Force Participation Rate,Employment,Coincident,Employment,monthly,62.6,2024-05-01,2024-05-08
Labor Force Participation Rate,Employment,Coincident,Employment,monthly,62.6,2024-06-01,2024-06-08
Labor Force Participation Rate,Employment,Coincident,Employment,monthly,62.7,2024-07-01,2024-07-08
Labor Force Participation Rate,Employment,Coincident,Employment,monthly,62.7,2024-08-01,2024-08-08
Labor Force Participation Rate,Employment,Coincident,Employment,monthly,62.7,2024-09-01,2024-09-08
Labor Force Participation Rate,Employment,Coincident,Employment,monthly,62.5,2024-10-01,2024-10-08
Labor Force Participation Rate,Employment,Coincident,Employment,monthly,62.5,2024-11-01,2024-11-08
Labor Force Participation Rate,Employment,Coincident,Employment,monthly,62.5,2024-12-01,2024-12-08
Labor Force Participation Rate,Employment,Coincident,Employment,monthly,62.6,2025-01-01,2025-01-08
Labor Force Participation Rate,Employment,Coincident,Employment,monthly,62.4,2025-02-01,2025-02-08
Labor Force Participation Rate,Employment,Coincident,Employment,monthly,62.5,2025-03-01,2025-03-08
Labor Force Participation Rate,Employment,Coincident,Employment,monthly,62.6,2025-04-01,2025-04-08
Labor Force Participation Rate,Employment,Coincident,Employment,monthly,62.4,2025-05-01,2025-05-08
Labor Force Participation Rate,Employment,Coincident,Employment,monthly,62.3,2025-06-01,2025-06-08
U-6 Unemployment Rate,Employment,Lagging,Employment,monthly,7.8,2024-01-01,2024-01-08
U-6 Unemployment Rate,Employment,Lagging,Employment,monthly,7.8,2024-02-01,2024-02-08
U-6 Unemployment Rate,Employment,Lagging,Employment,monthly,7.4,2024-03-01,2024-03-08
U-6 Unemployment Rate,Employment,Lagging,Employment,monthly,6.9,2024-04-01,2024-04-08
U-6 Unemployment Rate,Employment,Lagging,Employment,monthly,7.1,2024-05-01,2024-05-08
U-6 Unemployment Rate,Employment,Lagging,Employment,monthly,7.7,2024-06-01,2024-06-08
U-6 Unemployment Rate,Employment,Lagging,Employment,monthly,8.2,2024-07-01,2024-07-08
U-6 Unemployment Rate,Employment,Lagging,Employment,monthly,8.0,2024-08-01,2024-08-08
U-6 Unemployment Rate,Employment,Lagging,Employment,monthly,7.3,2024-09-01,2024-09-08
U-6 Unemployment Rate,Employment,Lagging,Employment,monthly,7.3,2024-10-01,2024-10-08
U-6 Unemployment Rate,Employment,Lagging,Employment,monthly,7.4,2024-11-01,2024-11-08
U-6 Unemployment Rate,Employment,Lagging,Employment,monthly,7.4,2024-12-01,2024-12-08
U-6 Unemployment Rate,Employment,Lagging,Employment,monthly,8.2,2025-01-01,2025-01-08
U-6 Unemployment Rate,Employment,Lagging,Employment,monthly,8.4,2025-02-01,2025-02-08
U-6 Unemployment Rate,Employment,Lagging,Employment,monthly,7.9,2025-03-01,2025-03-08
U-6 Unemployment Rate,Employment,Lagging,Employment,monthly,7.3,2025-04-01,2025-04-08
U-6 Unemployment Rate,Employment,Lagging,Employment,monthly,7.8,2025-05-01,2025-05-08
U-6 Unemployment Rate,Employment,Lagging,Employment,monthly,7.7,2025-06-01,2025-06-08
Unemployment Rate,Employment,Lagging,Employment,monthly,3.9,2024-01-01,2024-01-08
Unemployment Rate,Employment,Lagging,Employment,monthly,3.7,2024-02-01,2024-02-08
Unemployment Rate,Employment,Lagging,Employment,monthly,3.8,2024-03-01,2024-03-08
Unemployment Rate,Employment,Lagging,Employment,monthly,3.9,2024-04-01,2024-04-08
Unemployment Rate,Employment,Lagging,Employment,monthly,4.0,2024-05-01,2024-05-08
Unemployment Rate,Employment,Lagging,Employment,monthly,4.0,2024-06-01,2024-06-08
Unemployment Rate,Employment,Lagging,Employment,monthly,4.3,2024-07-01,2024-07-08
Unemployment Rate,Employment,Lagging,Employment,monthly,4.2,2024-08-01,2024-08-08
Unemployment Rate,Employment,Lagging,Employment,monthly,4.1,2024-09-01,2024-09-08
Unemployment Rate,Employment,Lagging,Employment,monthly,4.1,2024-10-01,2024-10-08
Unemployment Rate,Employment,Lagging,Employment,monthly,4.2,2024-11-01,2024-11-08
Unemployment Rate,Employment,Lagging,Employment,monthly,4.1,2024-12-01,2024-12-08
Unemployment Rate,Employment,Lagging,Employment,monthly,4.0,2025-01-01,2025-01-08
Unemployment Rate,Employment,Lagging,Employment,monthly,4.2,2025-02-01,2025-02-08
Unemployment Rate,Employment,Lagging,Employment,monthly,4.2,2025-03-01,2025-03-08
Unemployment Rate,Employment,Lagging,Employment,monthly,4.2,2025-04-01,2025-04-08
Unemployment Rate,Employment,Lagging,Employment,monthly,4.2,2025-05-01,2025-05-08
Unemployment Rate,Employment,Lagging,Employment,monthly,4.1,2025-06-01,2025-06-08
Nonfarm Payrolls,Employment,Coincident,Employment,monthly,229.0,2024-01-01,2024-01-08
Nonfarm Payrolls,Employment,Coincident,Employment,monthly,270.0,2024-02-01,2024-02-08
Nonfarm Payrolls,Employment,Coincident,Employment,monthly,315.0,2024-03-01,2024-03-08
Nonfarm Payrolls,Employment,Coincident,Employment,monthly,175.0,2024-04-01,2024-04-08
Nonfarm Payrolls,Employment,Coincident,Employment,monthly,272.0,2024-05-01,2024-05-08
Nonfarm Payrolls,Employment,Coincident,Employment,monthly,218.0,2024-06-01,2024-06-08
Nonfarm Payrolls,Employment,Coincident,Employment,monthly,185.0,2024-07-01,2024-07-08
Nonfarm Payrolls,Employment,Coincident,Employment,monthly,142.0,2024-08-01,2024-08-08
Nonfarm Payrolls,Employment,Coincident,Employment,monthly,78.0,2024-09-01,2024-09-08
Nonfarm Payrolls,Employment,Coincident,Employment,monthly,150.0,2024-10-01,2024-10-08
Nonfarm Payrolls,Employment,Coincident,Employment,monthly,227.0,2024-11-01,2024-11-08
Nonfarm Payrolls,Employment,Coincident,Employment,monthly,256.0,2024-12-01,2024-12-08
Nonfarm Payrolls,Employment,Coincident,Employment,monthly,303.0,2025-01-01,2025-01-08
Nonfarm Payrolls,Employment,Coincident,Employment,monthly,175.0,2025-02-01,2025-02-08
Nonfarm Payrolls,Employment,Coincident,Employment,monthly,165.0,2025-03-01,2025-03-08
Nonfarm Payrolls,Employment,Coincident,Employment,monthly,272.0,2025-04-01,2025-04-08
Nonfarm Payrolls,Employment,Coincident,Employment,monthly,206.0,2025-05-01,2025-05-08
Nonfarm Payrolls,Employment,Coincident,Employment,monthly,147.0,2025-06-01,2025-06-08
30-Year Fixed Rate Mortgage,Housing,Leading,Housing,weekly,6.91,2024-01-01,2024-01-05
30-Year Fixed Rate Mortgage,Housing,Leading,Housing,weekly,6.87,2024-02-01,2024-02-05
30-Year Fixed Rate Mortgage,Housing,Leading,Housing,weekly,6.65,2024-03-01,2024-03-05
30-Year Fixed Rate Mortgage,Housing,Leading,Housing,weekly,6.83,2024-04-01,2024-04-05
30-Year Fixed Rate Mortgage,Housing,Leading,Housing,weekly,6.76,2024-05-01,2024-05-05
30-Year Fixed Rate Mortgage,Housing,Leading,Housing,weekly,6.89,2024-06-01,2024-06-05
30-Year Fixed Rate Mortgage,Housing,Leading,Housing,weekly,6.76,2024-07-01,2024-07-05
30-Year Fixed Rate Mortgage,Housing,Leading,Housing,weekly,6.35,2024-08-01,2024-08-05
30-Year Fixed Rate Mortgage,Housing,Leading,Housing,weekly,6.08,2024-09-01,2024-09-05
30-Year Fixed Rate Mortgage,Housing,Leading,Housing,weekly,6.12,2024-10-01,2024-10-05
30-Year Fixed Rate Mortgage,Housing,Leading,Housing,weekly,6.54,2024-11-01,2024-11-05
30-Year Fixed Rate Mortgage,Housing,Leading,Housing,weekly,6.72,2024-12-01,2024-12-05
30-Year Fixed Rate Mortgage,Housing,Leading,Housing,weekly,6.93,2025-01-01,2025-01-05
30-Year Fixed Rate Mortgage,Housing,Leading,Housing,weekly,6.95,2025-02-01,2025-02-05
30-Year Fixed Rate Mortgage,Housing,Leading,Housing,weekly,6.63,2025-03-01,2025-03-05
30-Year Fixed Rate Mortgage,Housing,Leading,Housing,weekly,6.62,2025-04-01,2025-04-05
30-Year Fixed Rate Mortgage,Housing,Leading,Housing,weekly,6.81,2025-05-01,2025-05-05
30-Year Fixed Rate Mortgage,Housing,Leading,Housing,weekly,6.74,2025-06-01,2025-06-05
Case-Shiller Home Price Index,Housing,Lagging,Housing,monthly,316.24,2024-01-01,2024-03-01
Case-Shiller Home Price Index,Housing,Lagging,Housing,monthly,317.61,2024-02-01,2024-04-01
Case-Shiller Home Price Index,Housing,Lagging,Housing,monthly,318.58,2024-03-01,2024-04-30
Case-Shiller Home Price Index,Housing,Lagging,Housing,monthly,319.3,2024-04-01,2024-05-31
Case-Shiller Home Price Index,Housing,Lagging,Housing,monthly,320.05,2024-05-01,2024-06-30
Case-Shiller Home Price Index,Housing,Lagging,Housing,monthly,320.53,2024-06-01,2024-07-31
Case-Shiller Home Price Index,Housing,Lagging,Housing,monthly,321.19,2024-07-01,2024-08-30
Case-Shiller Home Price Index,Housing,Lagging,Housing,monthly,322.26,2024-08-01,2024-09-30
Case-Shiller Home Price Index,Housing,Lagging,Housing,monthly,323.28,2024-09-01,2024-10-31
Case-Shiller Home Price Index,Housing,Lagging,Housing,monthly,324.48,2024-10-01,2024-11-30
Case-Shiller Home Price Index,Housing,Lagging,Housing,monthly,326.03,2024-11-01,2024-12-31
Case-Shiller Home Price Index,Housing,Lagging,Housing,monthly,327.81,2024-12-01,2025-01-30
Case-Shiller Home Price Index,Housing,Lagging,Housing,monthly,329.36,2025-01-01,2025-03-02
Case-Shiller Home Price Index,Housing,Lagging,Housing,monthly,330.13,2025-02-01,2025-04-02
Case-Shiller Home Price Index,Housing,Lagging,Housing,monthly,329.25,2025-03-01,2025-04-30
Case-Shiller Home Price Index,Housing,Lagging,Housing,monthly,327.9,2025-04-01,2025-05-31
Case-Shiller Home Price Index,Housing,Lagging,Housing,monthly,327.9,2025-05-01,2025-06-30
Case-Shiller Home Price Index,Housing,Lagging,Housing,monthly,327.9,2025-06-01,2025-07-31
Existing Home Sales,Housing,Coincident,Housing,monthly,4.0,2024-01-01,2024-01-26
Existing Home Sales,Housing,Coincident,Housing,monthly,4.31,2024-02-01,2024-02-26
Existing Home Sales,Housing,Coincident,Housing,monthly,4.12,2024-03-01,2024-03-26
Existing Home Sales,Housing,Coincident,Housing,monthly,4.08,2024-04-01,2024-04-26
Existing Home Sales,Housing,Coincident,Housing,monthly,4.06,2024-05-01,2024-05-26
Existing Home Sales,Housing,Coincident,Housing,monthly,3.93,2024-06-01,2024-06-26
Existing Home Sales,Housing,Coincident,Housing,monthly,3.98,2024-07-01,2024-07-26
Existing Home Sales,Housing,Coincident,Housing,monthly,3.93,2024-08-01,2024-08-26
Existing Home Sales,Housing,Coincident,Housing,monthly,3.9,2024-09-01,2024-09-26
Existing Home Sales,Housing,Coincident,Housing,monthly,4.03,2024-10-01,2024-10-26
Existing Home Sales,Housing,Coincident,Housing,monthly,4.17,2024-11-01,2024-11-26
Existing Home Sales,Housing,Coincident,Housing,monthly,4.29,2024-12-01,2024-12-26
Existing Home Sales,Housing,Coincident,Housing,monthly,4.09,2025-01-01,2025-01-26
Existing Home Sales,Housing,Coincident,Housing,monthly,4.27,2025-02-01,2025-02-26
Existing Home Sales,Housing,Coincident,Housing,monthly,4.02,2025-03-01,2025-03-26
Existing Home Sales,Housing,Coincident,Housing,monthly,4.0,2025-04-01,2025-04-26
Existing Home Sales,Housing,Coincident,Housing,monthly,4.04,2025-05-01,2025-05-26
Existing Home Sales,Housing,Coincident,Housing,monthly,3.93,2025-06-01,2025-06-26
New Home Sales,Housing,Leading,Housing,monthly,661.0,2024-01-01,2024-01-31
New Home Sales,Housing,Leading,Housing,monthly,662.0,2024-02-01,2024-03-02
New Home Sales,Housing,Leading,Housing,monthly,685.0,2024-03-01,2024-03-31
New Home Sales,Housing,Leading,Housing,monthly,635.0,2024-04-01,2024-05-01
New Home Sales,Housing,Leading,Housing,monthly,634.0,2024-05-01,2024-05-31
New Home Sales,Housing,Leading,Housing,monthly,619.0,2024-06-01,2024-07-01
New Home Sales,Housing,Leading,Housing,monthly,617.0,2024-07-01,2024-07-31
New Home Sales,Housing,Leading,Housing,monthly,739.0,2024-08-01,2024-08-31
New Home Sales,Housing,Leading,Housing,monthly,728.0,2024-09-01,2024-10-01
New Home Sales,Housing,Leading,Housing,monthly,694.0,2024-10-01,2024-10-31
New Home Sales,Housing,Leading,Housing,monthly,640.0,2024-11-01,2024-12-01
New Home Sales,Housing,Leading,Housing,monthly,664.0,2024-12-01,2024-12-31
New Home Sales,Housing,Leading,Housing,monthly,676.0,2025-01-01,2025-01-31
New Home Sales,Housing,Leading,Housing,monthly,743.0,2025-02-01,2025-03-03
New Home Sales,Housing,Leading,Housing,monthly,681.0,2025-03-01,2025-03-31
New Home Sales,Housing,Leading,Housing,monthly,623.0,2025-04-01,2025-05-01
New Home Sales,Housing,Leading,Housing,monthly,627.0,2025-05-01,2025-05-31
New Home Sales,Housing,Leading,Housing,monthly,627.0,2025-06-01,2025-07-01
Months Supply of Houses,Housing,Leading,Housing,monthly,3.0,2024-01-01,2024-01-26
Months Supply of Houses,Housing,Leading,Housing,monthly,3.0,2024-02-01,2024-02-26
Months Supply of Houses,Housing,Leading,Housing,monthly,3.2,2024-03-01,2024-03-26
Months Supply of Houses,Housing,Leading,Housing,monthly,3.5,2024-04-01,2024-04-26
Months Supply of Houses,Housing,Leading,Housing,monthly,3.8,2024-05-01,2024-05-26
Months Supply of Houses,Housing,Leading,Housing,monthly,4.0,2024-06-01,2024-06-26
Months Supply of Houses,Housing,Leading,Housing,monthly,4.0,2024-07-01,2024-07-26
Months Supply of Houses,Housing,Leading,Housing,monthly,4.2,2024-08-01,2024-08-26
Months Supply of Houses,Housing,Leading,Housing,monthly,4.2,2024-09-01,2024-09-26
Months Supply of Houses,Housing,Leading,Housing,monthly,4.1,2024-10-01,2024-10-26
Months Supply of Houses,Housing,Leading,Housing,monthly,3.8,2024-11-01,2024-11-26
Months Supply of Houses,Housing,Leading,Housing,monthly,3.2,2024-12-01,2024-12-26
Months Supply of Houses,Housing,Leading,Housing,monthly,3.5,2025-01-01,2025-01-26
Months Supply of Houses,Housing,Leading,Housing,monthly,3.5,2025-02-01,2025-02-26
Months Supply of Houses,Housing,Leading,Housing,monthly,4.0,2025-03-01,2025-03-26
Months Supply of Houses,Housing,Leading,Housing,monthly,4.4,2025-04-01,2025-04-26
Months Supply of Houses,Housing,Leading,Housing,monthly,4.6,2025-05-01,2025-05-26
Months Supply of Houses,Housing,Leading,Housing,monthly,4.7,2025-06-01,2025-06-26
Total Construction Spending,Housing,Coincident,Housing,monthly,2.161,2024-01-01,2024-02-02
Total Construction Spending,Housing,Coincident,Housing,monthly,2.185,2024-02-01,2024-03-04
Total Construction Spending,Housing,Coincident,Housing,monthly,2.175,2024-03-01,2024-04-02
Total Construction Spending,Housing,Coincident,Housing,monthly,2.206,2024-04-01,2024-05-03
Total Construction Spending,Housing,Coincident,Housing,monthly,2.215,2024-05-01,2024-06-02
Total Construction Spending,Housing,Coincident,Housing,monthly,2.2,2024-06-01,2024-07-03
Total Construction Spending,Housing,Coincident,Housing,monthly,2.201,2024-07-01,2024-08-02
Total Construction Spending,Housing,Coincident,Housing,monthly,2.205,2024-08-01,2024-09-02
Total Construction Spending,Housing,Coincident,Housing,monthly,2.198,2024-09-01,2024-10-03
Total Construction Spending,Housing,Coincident,Housing,monthly,2.197,2024-10-01,2024-11-02
Total Construction Spending,Housing,Coincident,Housing,monthly,2.193,2024-11-01,2024-12-03
Total Construction Spending,Housing,Coincident,Housing,monthly,2.177,2024-12-01,2025-01-02
Total Construction Spending,Housing,Coincident,Housing,monthly,2.17,2025-01-01,2025-02-02
Total Construction Spending,Housing,Coincident,Housing,monthly,2.165,2025-02-01,2025-03-05
Total Construction Spending,Housing,Coincident,Housing,monthly,2.151,2025-03-01,2025-04-02
Total Construction Spending,Housing,Coincident,Housing,monthly,2.146,2025-04-01,2025-05-03
Total Construction Spending,Housing,Coincident,Housing,monthly,2.138,2025-05-01,2025-06-02
Total Construction Spending,Housing,Coincident,Housing,monthly,2.138,2025-06-01,2025-07-03
Capacity Utilization,Manufacturing,Coincident,Manufacturing,monthly,78.1,2024-01-01,2024-01-16
Capacity Utilization,Manufacturing,Coincident,Manufacturing,monthly,78.0,2024-02-01,2024-02-16
Capacity Utilization,Manufacturing,Coincident,Manufacturing,monthly,77.9,2024-03-01,2024-03-16
Capacity Utilization,Manufacturing,Coincident,Manufacturing,monthly,77.8,2024-04-01,2024-04-16
Capacity Utilization,Manufacturing,Coincident,Manufacturing,monthly,77.6,2024-05-01,2024-05-16
Capacity Utilization,Manufacturing,Coincident,Manufacturing,monthly,77.5,2024-06-01,2024-06-16
Capacity Utilization,Manufacturing,Coincident,Manufacturing,monthly,77.8,2024-07-01,2024-07-16
Capacity Utilization,Manufacturing,Coincident,Manufacturing,monthly,77.9,2024-08-01,2024-08-16
Capacity Utilization,Manufacturing,Coincident,Manufacturing,monthly,78.0,2024-09-01,2024-09-16
Capacity Utilization,Manufacturing,Coincident,Manufacturing,monthly,78.1,2024-10-01,2024-10-16
Capacity Utilization,Manufacturing,Coincident,Manufacturing,monthly,77.8,2024-11-01,2024-11-16
Capacity Utilization,Manufacturing,Coincident,Manufacturing,monthly,77.9,2024-12-01,2024-12-16
Capacity Utilization,Manufacturing,Coincident,Manufacturing,monthly,78.2,2025-01-01,2025-01-16
Capacity Utilization,Manufacturing,Coincident,Manufacturing,monthly,78.0,2025-02-01,2025-02-16
Capacity Utilization,Manufacturing,Coincident,Manufacturing,monthly,77.7,2025-03-01,2025-03-16
Capacity Utilization,Manufacturing,Coincident,Manufacturing,monthly,77.5,2025-04-01,2025-04-16
Capacity Utilization,Manufacturing,Coincident,Manufacturing,monthly,77.6,2025-05-01,2025-05-16
Capacity Utilization,Manufacturing,Coincident,Manufacturing,monthly,77.6,2025-06-01,2025-06-16
Commercial and Industrial Loans,Manufacturing,Leading,Manufacturing,monthly,2.76,2024-01-01,2024-01-08
Commercial and Industrial Loans,Manufacturing,Leading,Manufacturing,monthly,2.77,2024-02-01,2024-02-08
Commercial and Industrial Loans,Manufacturing,Leading,Manufacturing,monthly,2.78,2024-03-01,2024-03-08
Commercial and Industrial Loans,Manufacturing,Leading,Manufacturing,monthly,2.79,2024-04-01,2024-04-08
Commercial and Industrial Loans,Manufacturing,Leading,Manufacturing,monthly,2.8,2024-05-01,2024-05-08
Commercial and Industrial Loans,Manufacturing,Leading,Manufacturing,monthly,2.81,2024-06-01,2024-06-08
Commercial and Industrial Loans,Manufacturing,Leading,Manufacturing,monthly,2.82,2024-07-01,2024-07-08
Commercial and Industrial Loans,Manufacturing,Leading,Manufacturing,monthly,2.83,2024-08-01,2024-08-08
Commercial and Industrial Loans,Manufacturing,Leading,Manufacturing,monthly,2.84,2024-09-01,2024-09-08
Commercial and Industrial Loans,Manufacturing,Leading,Manufacturing,monthly,2.85,2024-10-01,2024-10-08
Commercial and Industrial Loans,Manufacturing,Leading,Manufacturing,monthly,2.86,2024-11-01,2024-11-08
Commercial and Industrial Loans,Manufacturing,Leading,Manufacturing,monthly,2.87,2024-12-01,2024-12-08
Commercial and Industrial Loans,Manufacturing,Leading,Manufacturing,monthly,2.88,2025-01-01,2025-01-08
Commercial and Industrial Loans,Manufacturing,Leading,Manufacturing,monthly,2.89,2025-02-01,2025-02-08
Commercial and Industrial Loans,Manufacturing,Leading,Manufacturing,monthly,2.9,2025-03-01,2025-03-08
Commercial and Industrial Loans,Manufacturing,Leading,Manufacturing,monthly,2.91,2025-04-01,2025-04-08
Commercial and Industrial Loans,Manufacturing,Leading,Manufacturing,monthly,2.92,2025-05-01,2025-05-08
Commercial and Industrial Loans,Manufacturing,Leading,Manufacturing,monthly,2.93,2025-06-01,2025-06-08
New Orders for Durable Goods,Manufacturing,Leading,Manufacturing,monthly,274.19,2024-01-01,2024-01-26
New Orders for Durable Goods,Manufacturing,Leading,Manufacturing,monthly,276.11,2024-02-01,2024-02-26
New Orders for Durable Goods,Manufacturing,Leading,Manufacturing,monthly,282.16,2024-03-01,2024-03-26
New Orders for Durable Goods,Manufacturing,Leading,Manufacturing,monthly,282.78,2024-04-01,2024-04-26
New Orders for Durable Goods,Manufacturing,Leading,Manufacturing,monthly,283.12,2024-05-01,2024-05-26
New Orders for Durable Goods,Manufacturing,Leading,Manufacturing,monthly,263.57,2024-06-01,2024-06-26
New Orders for Durable Goods,Manufacturing,Leading,Manufacturing,monthly,289.59,2024-07-01,2024-07-26
New Orders for Durable Goods,Manufacturing,Leading,Manufacturing,monthly,287.02,2024-08-01,2024-08-26
New Orders for Durable Goods,Manufacturing,Leading,Manufacturing,monthly,285.87,2024-09-01,2024-09-26
New Orders for Durable Goods,Manufacturing,Leading,Manufacturing,monthly,288.13,2024-10-01,2024-10-26
New Orders for Durable Goods,Manufacturing,Leading,Manufacturing,monthly,282.36,2024-11-01,2024-11-26
New Orders for Durable Goods,Manufacturing,Leading,Manufacturing,monthly,277.35,2024-12-01,2024-12-26
New Orders for Durable Goods,Manufacturing,Leading,Manufacturing,monthly,286.6,2025-01-01,2025-01-26
New Orders for Durable Goods,Manufacturing,Leading,Manufacturing,monthly,289.15,2025-02-01,2025-02-26
New Orders for Durable Goods,Manufacturing,Leading,Manufacturing,monthly,316.22,2025-03-01,2025-03-26
New Orders for Durable Goods,Manufacturing,Leading,Manufacturing,monthly,295.26,2025-04-01,2025-04-26
New Orders for Durable Goods,Manufacturing,Leading,Manufacturing,monthly,343.98,2025-05-01,2025-05-26
New Orders for Durable Goods,Manufacturing,Leading,Manufacturing,monthly,311.85,2025-06-01,2025-06-26
CPI Energy,Inflation,Lagging,Inflation,monthly,3.2,2024-01-01,2024-01-15
CPI Energy,Inflation,Lagging,Inflation,monthly,2.1,2024-02-01,2024-02-15
CPI Energy,Inflation,Lagging,Inflation,monthly,1.8,2024-03-01,2024-03-15
CPI Energy,Inflation,Lagging,Inflation,monthly,2.6,2024-04-01,2024-04-15
CPI Energy,Inflation,Lagging,Inflation,monthly,3.7,2024-05-01,2024-05-15
CPI Energy,Inflation,Lagging,Inflation,monthly,2.8,2024-06-01,2024-06-15
CPI Energy,Inflation,Lagging,Inflation,monthly,1.6,2024-07-01,2024-07-15
CPI Energy,Inflation,Lagging,Inflation,monthly,-0.1,2024-08-01,2024-08-15
CPI Energy,Inflation,Lagging,Inflation,monthly,-4.1,2024-09-01,2024-09-15
CPI Energy,Inflation,Lagging,Inflation,monthly,0.9,2024-10-01,2024-10-15
CPI Energy,Inflation,Lagging,Inflation,monthly,-3.2,2024-11-01,2024-11-15
CPI Energy,Inflation,Lagging,Inflation,monthly,-3.4,2024-12-01,2024-12-15
CPI Energy,Inflation,Lagging,Inflation,monthly,0.2,2025-01-01,2025-01-15
CPI Energy,Inflation,Lagging,Inflation,monthly,2.3,2025-02-01,2025-02-15
CPI Energy,Inflation,Lagging,Inflation,monthly,1.1,2025-03-01,2025-03-15
CPI Energy,Inflation,Lagging,Inflation,monthly,-2.4,2025-04-01,2025-04-15
CPI Energy,Inflation,Lagging,Inflation,monthly,-0.3,2025-05-01,2025-05-15
CPI Energy,Inflation,Lagging,Inflation,monthly,1.1,2025-06-01,2025-06-15
Core PCE Price Index,Inflation,Lagging,Inflation,monthly,2.9,2024-01-01,2024-01-31
Core PCE Price Index,Inflation,Lagging,Inflation,monthly,2.8,2024-02-01,2024-03-02
Core PCE Price Index,Inflation,Lagging,Inflation,monthly,2.8,2024-03-01,2024-03-31
Core PCE Price Index,Inflation,Lagging,Inflation,monthly,2.8,2024-04-01,2024-05-01
Core PCE Price Index,Inflation,Lagging,Inflation,monthly,2.6,2024-05-01,2024-05-31
Core PCE Price Index,Inflation,Lagging,Inflation,monthly,2.6,2024-06-01,2024-07-01
Core PCE Price Index,Inflation,Lagging,Inflation,monthly,2.6,2024-07-01,2024-07-31
Core PCE Price Index,Inflation,Lagging,Inflation,monthly,2.6,2024-08-01,2024-08-31
Core PCE Price Index,Inflation,Lagging,Inflation,monthly,2.7,2024-09-01,2024-10-01
Core PCE Price Index,Inflation,Lagging,Inflation,monthly,2.7,2024-10-01,2024-10-31
Core PCE Price Index,Inflation,Lagging,Inflation,monthly,2.8,2024-11-01,2024-12-01
Core PCE Price Index,Inflation,Lagging,Inflation,monthly,2.8,2024-12-01,2024-12-31
Core PCE Price Index,Inflation,Lagging,Inflation,monthly,2.9,2025-01-01,2025-01-31
Core PCE Price Index,Inflation,Lagging,Inflation,monthly,2.8,2025-02-01,2025-03-03
Core PCE Price Index,Inflation,Lagging,Inflation,monthly,2.8,2025-03-01,2025-03-31
Core PCE Price Index,Inflation,Lagging,Inflation,monthly,2.8,2025-04-01,2025-05-01
Core PCE Price Index,Inflation,Lagging,Inflation,monthly,2.6,2025-05-01,2025-05-31
Core PCE Price Index,Inflation,Lagging,Inflation,monthly,2.7,2025-06-01,2025-07-01
Core PPI,Inflation,Leading,Inflation,monthly,2.0,2024-01-01,2024-01-15
Core PPI,Inflation,Leading,Inflation,monthly,2.0,2024-02-01,2024-02-15
Core PPI,Inflation,Leading,Inflation,monthly,1.8,2024-03-01,2024-03-15
Core PPI,Inflation,Leading,Inflation,monthly,2.1,2024-04-01,2024-04-15
Core PPI,Inflation,Leading,Inflation,monthly,2.3,2024-05-01,2024-05-15
Core PPI,Inflation,Leading,Inflation,monthly,2.4,2024-06-01,2024-06-15
Core PPI,Inflation,Leading,Inflation,monthly,2.4,2024-07-01,2024-07-15
Core PPI,Inflation,Leading,Inflation,monthly,2.0,2024-08-01,2024-08-15
Core PPI,Inflation,Leading,Inflation,monthly,2.0,2024-09-01,2024-09-15
Core PPI,Inflation,Leading,Inflation,monthly,2.2,2024-10-01,2024-10-15
Core PPI,Inflation,Leading,Inflation,monthly,2.4,2024-11-01,2024-11-15
Core PPI,Inflation,Leading,Inflation,monthly,2.2,2024-12-01,2024-12-15
Core PPI,Inflation,Leading,Inflation,monthly,2.0,2025-01-01,2025-01-15
Core PPI,Inflation,Leading,Inflation,monthly,1.8,2025-02-01,2025-02-15
Core PPI,Inflation,Leading,Inflation,monthly,2.0,2025-03-01,2025-03-15
Core PPI,Inflation,Leading,Inflation,monthly,2.3,2025-04-01,2025-04-15
Core PPI,Inflation,Leading,Inflation,monthly,2.4,2025-05-01,2025-05-15
Core PPI,Inflation,Leading,Inflation,monthly,2.8,2025-06-01,2025-06-15
U.S. Regular Gasoline Prices,Inflation,Lagging,Inflation,weekly,3.1,2024-01-01,2024-01-02
U.S. Regular Gasoline Prices,Inflation,Lagging,Inflation,weekly,3.15,2024-02-01,2024-02-02
U.S. Regular Gasoline Prices,Inflation,Lagging,Inflation,weekly,3.28,2024-03-01,2024-03-02
U.S. Regular Gasoline Prices,Inflation,Lagging,Inflation,weekly,3.41,2024-04-01,2024-04-02
U.S. Regular Gasoline Prices,Inflation,Lagging,Inflation,weekly,3.48,2024-05-01,2024-05-02
U.S. Regular Gasoline Prices,Inflation,Lagging,Inflation,weekly,3.52,2024-06-01,2024-06-02
U.S. Regular Gasoline Prices,Inflation,Lagging,Inflation,weekly,3.43,2024-07-01,2024-07-02
U.S. Regular Gasoline Prices,Inflation,Lagging,Inflation,weekly,3.34,2024-08-01,2024-08-02
U.S. Regular Gasoline Prices,Inflation,Lagging,Inflation,weekly,3.27,2024-09-01,2024-09-02
U.S. Regular Gasoline Prices,Inflation,Lagging,Inflation,weekly,3.21,2024-10-01,2024-10-02
U.S. Regular Gasoline Prices,Inflation,Lagging,Inflation,weekly,3.08,2024-11-01,2024-11-02
U.S. Regular Gasoline Prices,Inflation,Lagging,Inflation,weekly,2.95,2024-12-01,2024-12-02
U.S. Regular Gasoline Prices,Inflation,Lagging,Inflation,weekly,2.78,2025-01-01,2025-01-02
U.S. Regular Gasoline Prices,Inflation,Lagging,Inflation,weekly,2.85,2025-02-01,2025-02-02
U.S. Regular Gasoline Prices,Inflation,Lagging,Inflation,weekly,3.12,2025-03-01,2025-03-02
U.S. Regular Gasoline Prices,Inflation,Lagging,Inflation,weekly,3.28,2025-04-01,2025-04-02
U.S. Regular Gasoline Prices,Inflation,Lagging,Inflation,weekly,3.41,2025-05-01,2025-05-02
U.S. Regular Gasoline Prices,Inflation,Lagging,Inflation,weekly,3.52,2025-06-01,2025-06-02
CPI All Items,Inflation,Lagging,Inflation,monthly,2.9,2024-01-01,2024-01-15
CPI All Items,Inflation,Lagging,Inflation,monthly,3.2,2024-02-01,2024-02-15
CPI All Items,Inflation,Lagging,Inflation,monthly,3.8,2024-03-01,2024-03-15
CPI All Items,Inflation,Lagging,Inflation,monthly,3.4,2024-04-01,2024-04-15
CPI All Items,Inflation,Lagging,Inflation,monthly,3.4,2024-05-01,2024-05-15
CPI All Items,Inflation,Lagging,Inflation,monthly,3.0,2024-06-01,2024-06-15
CPI All Items,Inflation,Lagging,Inflation,monthly,2.9,2024-07-01,2024-07-15
CPI All Items,Inflation,Lagging,Inflation,monthly,3.2,2024-08-01,2024-08-15
CPI All Items,Inflation,Lagging,Inflation,monthly,2.4,2024-09-01,2024-09-15
CPI All Items,Inflation,Lagging,Inflation,monthly,2.6,2024-10-01,2024-10-15
CPI All Items,Inflation,Lagging,Inflation,monthly,2.6,2024-11-01,2024-11-15
CPI All Items,Inflation,Lagging,Inflation,monthly,2.6,2024-12-01,2024-12-15
CPI All Items,Inflation,Lagging,Inflation,monthly,2.9,2025-01-01,2025-01-15
CPI All Items,Inflation,Lagging,Inflation,monthly,3.1,2025-02-01,2025-02-15
CPI All Items,Inflation,Lagging,Inflation,monthly,2.5,2025-03-01,2025-03-15
CPI All Items,Inflation,Lagging,Inflation,monthly,3.2,2025-04-01,2025-04-15
CPI All Items,Inflation,Lagging,Inflation,monthly,2.4,2025-05-01,2025-05-15
CPI All Items,Inflation,Lagging,Inflation,monthly,2.7,2025-06-01,2025-06-15
Core CPI,Inflation,Lagging,Inflation,monthly,3.9,2024-01-01,2024-01-15
Core CPI,Inflation,Lagging,Inflation,monthly,3.8,2024-02-01,2024-02-15
Core CPI,Inflation,Lagging,Inflation,monthly,3.8,2024-03-01,2024-03-15
Core CPI,Inflation,Lagging,Inflation,monthly,3.8,2024-04-01,2024-04-15
Core CPI,Inflation,Lagging,Inflation,monthly,3.6,2024-05-01,2024-05-15
Core CPI,Inflation,Lagging,Inflation,monthly,3.4,2024-06-01,2024-06-15
Core CPI,Inflation,Lagging,Inflation,monthly,3.2,2024-07-01,2024-07-15
Core CPI,Inflation,Lagging,Inflation,monthly,3.2,2024-08-01,2024-08-15
Core CPI,Inflation,Lagging,Inflation,monthly,3.2,2024-09-01,2024-09-15
Core CPI,Inflation,Lagging,Inflation,monthly,3.3,2024-10-01,2024-10-15
Core CPI,Inflation,Lagging,Inflation,monthly,3.2,2024-11-01,2024-11-15
Core CPI,Inflation,Lagging,Inflation,monthly,3.2,2024-12-01,2024-12-15
Core CPI,Inflation,Lagging,Inflation,monthly,3.1,2025-01-01,2025-01-15
Core CPI,Inflation,Lagging,Inflation,monthly,2.8,2025-02-01,2025-02-15
Core CPI,Inflation,Lagging,Inflation,monthly,2.8,2025-03-01,2025-03-15
Core CPI,Inflation,Lagging,Inflation,monthly,2.8,2025-04-01,2025-04-15
Core CPI,Inflation,Lagging,Inflation,monthly,2.8,2025-05-01,2025-05-15
Core CPI,Inflation,Lagging,Inflation,monthly,2.9,2025-06-01,2025-06-15
PPI All Commodities,Inflation,Leading,Inflation,monthly,0.9,2024-01-01,2024-01-15
PPI All Commodities,Inflation,Leading,Inflation,monthly,0.6,2024-02-01,2024-02-15
PPI All Commodities,Inflation,Leading,Inflation,monthly,2.1,2024-03-01,2024-03-15
PPI All Commodities,Inflation,Leading,Inflation,monthly,2.1,2024-04-01,2024-04-15
PPI All Commodities,Inflation,Leading,Inflation,monthly,2.2,2024-05-01,2024-05-15
PPI All Commodities,Inflation,Leading,Inflation,monthly,2.4,2024-06-01,2024-06-15
PPI All Commodities,Inflation,Leading,Inflation,monthly,2.6,2024-07-01,2024-07-15
PPI All Commodities,Inflation,Leading,Inflation,monthly,1.7,2024-08-01,2024-08-15
PPI All Commodities,Inflation,Leading,Inflation,monthly,1.8,2024-09-01,2024-09-15
PPI All Commodities,Inflation,Leading,Inflation,monthly,2.8,2024-10-01,2024-10-15
PPI All Commodities,Inflation,Leading,Inflation,monthly,3.0,2024-11-01,2024-11-15
PPI All Commodities,Inflation,Leading,Inflation,monthly,3.0,2024-12-01,2024-12-15
PPI All Commodities,Inflation,Leading,Inflation,monthly,2.4,2025-01-01,2025-01-15
PPI All Commodities,Inflation,Leading,Inflation,monthly,2.1,2025-02-01,2025-02-15
PPI All Commodities,Inflation,Leading,Inflation,monthly,2.1,2025-03-01,2025-03-15
PPI All Commodities,Inflation,Leading,Inflation,monthly,2.3,2025-04-01,2025-04-15
PPI All Commodities,Inflation,Leading,Inflation,monthly,2.4,2025-05-01,2025-05-15
PPI All Commodities,Inflation,Leading,Inflation,monthly,2.3,2025-06-01,2025-06-15
PCE Price Index,Inflation,Lagging,Inflation,monthly,2.6,2024-01-01,2024-01-31
PCE Price Index,Inflation,Lagging,Inflation,monthly,2.4,2024-02-01,2024-03-02
PCE Price Index,Inflation,Lagging,Inflation,monthly,2.7,2024-03-01,2024-03-31
PCE Price Index,Inflation,Lagging,Inflation,monthly,2.7,2024-04-01,2024-05-01
PCE Price Index,Inflation,Lagging,Inflation,monthly,2.7,2024-05-01,2024-05-31
PCE Price Index,Inflation,Lagging,Inflation,monthly,2.6,2024-06-01,2024-07-01
PCE Price Index,Inflation,Lagging,Inflation,monthly,2.5,2024-07-01,2024-07-31
PCE Price Index,Inflation,Lagging,Inflation,monthly,2.5,2024-08-01,2024-08-31
PCE Price Index,Inflation,Lagging,Inflation,monthly,2.3,2024-09-01,2024-10-01
PCE Price Index,Inflation,Lagging,Inflation,monthly,2.1,2024-10-01,2024-10-31
PCE Price Index,Inflation,Lagging,Inflation,monthly,2.3,2024-11-01,2024-12-01
PCE Price Index,Inflation,Lagging,Inflation,monthly,2.6,2024-12-01,2024-12-31
PCE Price Index,Inflation,Lagging,Inflation,monthly,2.4,2025-01-01,2025-01-31
PCE Price Index,Inflation,Lagging,Inflation,monthly,2.5,2025-02-01,2025-03-03
PCE Price Index,Inflation,Lagging,Inflation,monthly,2.5,2025-03-01,2025-03-31
PCE Price Index,Inflation,Lagging,Inflation,monthly,2.8,2025-04-01,2025-05-01
PCE Price Index,Inflation,Lagging,Inflation,monthly,2.6,2025-05-01,2025-05-31
PCE Price Index,Inflation,Lagging,Inflation,monthly,2.3,2025-06-01,2025-07-01
GDP Growth,Growth,Coincident,Growth,quarterly,3.4,2024-01-01,2024-01-31
GDP Growth,Growth,Coincident,Growth,quarterly,3.4,2024-02-01,2024-03-02
GDP Growth,Growth,Coincident,Growth,quarterly,3.4,2024-03-01,2024-03-31
GDP Growth,Growth,Coincident,Growth,quarterly,1.4,2024-04-01,2024-05-01
GDP Growth,Growth,Coincident,Growth,quarterly,1.4,2024-05-01,2024-05-31
GDP Growth,Growth,Coincident,Growth,quarterly,1.4,2024-06-01,2024-07-01
GDP Growth,Growth,Coincident,Growth,quarterly,2.8,2024-07-01,2024-07-31
GDP Growth,Growth,Coincident,Growth,quarterly,2.8,2024-08-01,2024-08-31
GDP Growth,Growth,Coincident,Growth,quarterly,2.8,2024-09-01,2024-10-01
GDP Growth,Growth,Coincident,Growth,quarterly,4.9,2024-10-01,2024-10-31
GDP Growth,Growth,Coincident,Growth,quarterly,4.9,2024-11-01,2024-12-01
GDP Growth,Growth,Coincident,Growth,quarterly,4.9,2024-12-01,2024-12-31
GDP Growth,Growth,Coincident,Growth,quarterly,2.1,2025-01-01,2025-01-31
GDP Growth,Growth,Coincident,Growth,quarterly,2.1,2025-02-01,2025-03-03
GDP Growth,Growth,Coincident,Growth,quarterly,2.1,2025-03-01,2025-03-31
GDP Growth,Growth,Coincident,Growth,quarterly,-0.5,2025-04-01,2025-05-01
GDP Growth,Growth,Coincident,Growth,quarterly,-0.5,2025-05-01,2025-05-31
GDP Growth,Growth,Coincident,Growth,quarterly,-0.5,2025-06-01,2025-07-01
Retail Sales,Growth,Coincident,Growth,monthly,680.46,2024-01-01,2024-01-16
Retail Sales,Growth,Coincident,Growth,monthly,685.28,2024-02-01,2024-02-16
Retail Sales,Growth,Coincident,Growth,monthly,687.64,2024-03-01,2024-03-16
Retail Sales,Growth,Coincident,Growth,monthly,687.6,2024-04-01,2024-04-16
Retail Sales,Growth,Coincident,Growth,monthly,692.77,2024-05-01,2024-05-16
Retail Sales,Growth,Coincident,Growth,monthly,692.92,2024-06-01,2024-06-16
Retail Sales,Growth,Coincident,Growth,monthly,699.1,2024-07-01,2024-07-16
Retail Sales,Growth,Coincident,Growth,monthly,697.52,2024-08-01,2024-08-16
Retail Sales,Growth,Coincident,Growth,monthly,703.08,2024-09-01,2024-09-16
Retail Sales,Growth,Coincident,Growth,monthly,707.61,2024-10-01,2024-10-16
Retail Sales,Growth,Coincident,Growth,monthly,712.14,2024-11-01,2024-11-16
Retail Sales,Growth,Coincident,Growth,monthly,717.66,2024-12-01,2024-12-16
Retail Sales,Growth,Coincident,Growth,monthly,711.46,2025-01-01,2025-01-16
Retail Sales,Growth,Coincident,Growth,monthly,711.76,2025-02-01,2025-02-16
Retail Sales,Growth,Coincident,Growth,monthly,722.57,2025-03-01,2025-03-16
Retail Sales,Growth,Coincident,Growth,monthly,721.79,2025-04-01,2025-04-16
Retail Sales,Growth,Coincident,Growth,monthly,715.54,2025-05-01,2025-05-16
Retail Sales,Growth,Coincident,Growth,monthly,720.11,2025-06-01,2025-06-16
Industrial Production,Growth,Coincident,Growth,monthly,103.2,2024-01-01,2024-01-16
Industrial Production,Growth,Coincident,Growth,monthly,103.8,2024-02-01,2024-02-16
Industrial Production,Growth,Coincident,Growth,monthly,103.9,2024-03-01,2024-03-16
Industrial Production,Growth,Coincident,Growth,monthly,104.0,2024-04-01,2024-04-16
Industrial Production,Growth,Coincident,Growth,monthly,104.1,2024-05-01,2024-05-16
Industrial Production,Growth,Coincident,Growth,monthly,103.7,2024-06-01,2024-06-16
Industrial Production,Growth,Coincident,Growth,monthly,103.9,2024-07-01,2024-07-16
Industrial Production,Growth,Coincident,Growth,monthly,103.8,2024-08-01,2024-08-16
Industrial Production,Growth,Coincident,Growth,monthly,103.5,2024-09-01,2024-09-16
Industrial Production,Growth,Coincident,Growth,monthly,103.1,2024-10-01,2024-10-16
Industrial Production,Growth,Coincident,Growth,monthly,103.2,2024-11-01,2024-11-16
Industrial Production,Growth,Coincident,Growth,monthly,103.1,2024-12-01,2024-12-16
Industrial Production,Growth,Coincident,Growth,monthly,102.9,2025-01-01,2025-01-16
Industrial Production,Growth,Coincident,Growth,monthly,103.9,2025-02-01,2025-02-16
Industrial Production,Growth,Coincident,Growth,monthly,103.7,2025-03-01,2025-03-16
Industrial Production,Growth,Coincident,Growth,monthly,103.7,2025-04-01,2025-04-16
Industrial Production,Growth,Coincident,Growth,monthly,103.7,2025-05-01,2025-05-16
Industrial Production,Growth,Coincident,Growth,monthly,104.0,2025-06-01,2025-06-16
Housing Starts,Growth,Leading,Growth,monthly,1.331,2024-01-01,2024-01-18
Housing Starts,Growth,Leading,Growth,monthly,1.521,2024-02-01,2024-02-18
Housing Starts,Growth,Leading,Growth,monthly,1.321,2024-03-01,2024-03-18
Housing Starts,Growth,Leading,Growth,monthly,1.36,2024-04-01,2024-04-18
Housing Starts,Growth,Leading,Growth,monthly,1.277,2024-05-01,2024-05-18
Housing Starts,Growth,Leading,Growth,monthly,1.314,2024-06-01,2024-06-18
Housing Starts,Growth,Leading,Growth,monthly,1.353,2024-07-01,2024-07-18
Housing Starts,Growth,Leading,Growth,monthly,1.238,2024-08-01,2024-08-18
Housing Starts,Growth,Leading,Growth,monthly,1.354,2024-09-01,2024-09-18
Housing Starts,Growth,Leading,Growth,monthly,1.311,2024-10-01,2024-10-18
Housing Starts,Growth,Leading,Growth,monthly,1.372,2024-11-01,2024-11-18
Housing Starts,Growth,Leading,Growth,monthly,1.289,2024-12-01,2024-12-18
Housing Starts,Growth,Leading,Growth,monthly,1.348,2025-01-01,2025-01-18
Housing Starts,Growth,Leading,Growth,monthly,1.331,2025-02-01,2025-02-18
Housing Starts,Growth,Leading,Growth,monthly,1.321,2025-03-01,2025-03-18
Housing Starts,Growth,Leading,Growth,monthly,1.314,2025-04-01,2025-04-18
Housing Starts,Growth,Leading,Growth,monthly,1.277,2025-05-01,2025-05-18
Housing Starts,Growth,Leading,Growth,monthly,1.335,2025-06-01,2025-06-18
Federal Funds Rate,Monetary Policy,Leading,Monetary Policy,monthly,5.33,2024-01-01,2024-01-02
Federal Funds Rate,Monetary Policy,Leading,Monetary Policy,monthly,5.33,2024-02-01,2024-02-02
Federal Funds Rate,Monetary Policy,Leading,Monetary Policy,monthly,5.33,2024-03-01,2024-03-02
Federal Funds Rate,Monetary Policy,Leading,Monetary Policy,monthly,5.33,2024-04-01,2024-04-02
Federal Funds Rate,Monetary Policy,Leading,Monetary Policy,monthly,5.33,2024-05-01,2024-05-02
Federal Funds Rate,Monetary Policy,Leading,Monetary Policy,monthly,5.33,2024-06-01,2024-06-02
Federal Funds Rate,Monetary Policy,Leading,Monetary Policy,monthly,5.33,2024-07-01,2024-07-02
Federal Funds Rate,Monetary Policy,Leading,Monetary Policy,monthly,5.33,2024-08-01,2024-08-02
Federal Funds Rate,Monetary Policy,Leading,Monetary Policy,monthly,5.33,2024-09-01,2024-09-02
Federal Funds Rate,Monetary Policy,Leading,Monetary Policy,monthly,4.83,2024-10-01,2024-10-02
Federal Funds Rate,Monetary Policy,Leading,Monetary Policy,monthly,4.83,2024-11-01,2024-11-02
Federal Funds Rate,Monetary Policy,Leading,Monetary Policy,monthly,4.83,2024-12-01,2024-12-02
Federal Funds Rate,Monetary Policy,Leading,Monetary Policy,monthly,4.83,2025-01-01,2025-01-02
Federal Funds Rate,Monetary Policy,Leading,Monetary Policy,monthly,4.33,2025-02-01,2025-02-02
Federal Funds Rate,Monetary Policy,Leading,Monetary Policy,monthly,4.33,2025-03-01,2025-03-02
Federal Funds Rate,Monetary Policy,Leading,Monetary Policy,monthly,4.33,2025-04-01,2025-04-02
Federal Funds Rate,Monetary Policy,Leading,Monetary Policy,monthly,4.33,2025-05-01,2025-05-02
Federal Funds Rate,Monetary Policy,Leading,Monetary Policy,monthly,4.33,2025-06-01,2025-06-02
10-Year Treasury,Monetary Policy,Leading,Monetary Policy,daily,4.02,2024-01-01,2024-01-02
10-Year Treasury,Monetary Policy,Leading,Monetary Policy,daily,4.25,2024-02-01,2024-02-02
10-Year Treasury,Monetary Policy,Leading,Monetary Policy,daily,4.32,2024-03-01,2024-03-02
10-Year Treasury,Monetary Policy,Leading,Monetary Policy,daily,4.64,2024-04-01,2024-04-02
10-Year Treasury,Monetary Policy,Leading,Monetary Policy,daily,4.51,2024-05-01,2024-05-02
10-Year Treasury,Monetary Policy,Leading,Monetary Policy,daily,4.3,2024-06-01,2024-06-02
10-Year Treasury,Monetary Policy,Leading,Monetary Policy,daily,4.16,2024-07-01,2024-07-02
10-Year Treasury,Monetary Policy,Leading,Monetary Policy,daily,4.05,2024-08-01,2024-08-02
10-Year Treasury,Monetary Policy,Leading,Monetary Policy,daily,3.75,2024-09-01,2024-09-02
10-Year Treasury,Monetary Policy,Leading,Monetary Policy,daily,3.88,2024-10-01,2024-10-02
10-Year Treasury,Monetary Policy,Leading,Monetary Policy,daily,4.28,2024-11-01,2024-11-02
10-Year Treasury,Monetary Policy,Leading,Monetary Policy,daily,4.42,2024-12-01,2024-12-02
10-Year Treasury,Monetary Policy,Leading,Monetary Policy,daily,4.54,2025-01-01,2025-01-02
10-Year Treasury,Monetary Policy,Leading,Monetary Policy,daily,4.62,2025-02-01,2025-02-02
10-Year Treasury,Monetary Policy,Leading,Monetary Policy,daily,4.18,2025-03-01,2025-03-02
10-Year Treasury,Monetary Policy,Leading,Monetary Policy,daily,4.28,2025-04-01,2025-04-02
10-Year Treasury,Monetary Policy,Leading,Monetary Policy,daily,4.42,2025-05-01,2025-05-02
10-Year Treasury,Monetary Policy,Leading,Monetary Policy,daily,4.24,2025-06-01,2025-06-02
Yield Curve,Monetary Policy,Leading,Monetary Policy,daily,-1.31,2024-01-01,2024-01-02
Yield Curve,Monetary Policy,Leading,Monetary Policy,daily,-1.08,2024-02-01,2024-02-02
Yield Curve,Monetary Policy,Leading,Monetary Policy,daily,-1.01,2024-03-01,2024-03-02
Yield Curve,Monetary Policy,Leading,Monetary Policy,daily,-0.69,2024-04-01,2024-04-02
Yield Curve,Monetary Policy,Leading,Monetary Policy,daily,-0.82,2024-05-01,2024-05-02
Yield Curve,Monetary Policy,Leading,Monetary Policy,daily,-1.03,2024-06-01,2024-06-02
Yield Curve,Monetary Policy,Leading,Monetary Policy,daily,-1.17,2024-07-01,2024-07-02
Yield Curve,Monetary Policy,Leading,Monetary Policy,daily,-1.28,2024-08-01,2024-08-02
Yield Curve,Monetary Policy,Leading,Monetary Policy,daily,-1.58,2024-09-01,2024-09-02
Yield Curve,Monetary Policy,Leading,Monetary Policy,daily,-0.95,2024-10-01,2024-10-02
Yield Curve,Monetary Policy,Leading,Monetary Policy,daily,-0.55,2024-11-01,2024-11-02
Yield Curve,Monetary Policy,Leading,Monetary Policy,daily,-0.41,2024-12-01,2024-12-02
Yield Curve,Monetary Policy,Leading,Monetary Policy,daily,-0.21,2025-01-01,2025-01-02
Yield Curve,Monetary Policy,Leading,Monetary Policy,daily,-0.29,2025-02-01,2025-02-02
Yield Curve,Monetary Policy,Leading,Monetary Policy,daily,-0.95,2025-03-01,2025-03-02
Yield Curve,Monetary Policy,Leading,Monetary Policy,daily,-1.05,2025-04-01,2025-04-02
Yield Curve,Monetary Policy,Leading,Monetary Policy,daily,-1.09,2025-05-01,2025-05-02
Yield Curve,Monetary Policy,Leading,Monetary Policy,daily,-1.09,2025-06-01,2025-06-02
Michigan Consumer Sentiment,Sentiment,Leading,Sentiment,monthly,78.8,2024-01-01,2024-01-15
Michigan Consumer Sentiment,Sentiment,Leading,Sentiment,monthly,76.9,2024-02-01,2024-02-15
Michigan Consumer Sentiment,Sentiment,Leading,Sentiment,monthly,79.4,2024-03-01,2024-03-15
Michigan Consumer Sentiment,Sentiment,Leading,Sentiment,monthly,77.2,2024-04-01,2024-04-15
Michigan Consumer Sentiment,Sentiment,Leading,Sentiment,monthly,69.1,2024-05-01,2024-05-15
Michigan Consumer Sentiment,Sentiment,Leading,Sentiment,monthly,68.2,2024-06-01,2024-06-15
Michigan Consumer Sentiment,Sentiment,Leading,Sentiment,monthly,66.4,2024-07-01,2024-07-15
Michigan Consumer Sentiment,Sentiment,Leading,Sentiment,monthly,67.9,2024-08-01,2024-08-15
Michigan Consumer Sentiment,Sentiment,Leading,Sentiment,monthly,70.1,2024-09-01,2024-09-15
Michigan Consumer Sentiment,Sentiment,Leading,Sentiment,monthly,70.5,2024-10-01,2024-10-15
Michigan Consumer Sentiment,Sentiment,Leading,Sentiment,monthly,71.8,2024-11-01,2024-11-15
Michigan Consumer Sentiment,Sentiment,Leading,Sentiment,monthly,74.0,2024-12-01,2024-12-15
Michigan Consumer Sentiment,Sentiment,Leading,Sentiment,monthly,73.2,2025-01-01,2025-01-15
Michigan Consumer Sentiment,Sentiment,Leading,Sentiment,monthly,67.4,2025-02-01,2025-02-15
Michigan Consumer Sentiment,Sentiment,Leading,Sentiment,monthly,79.0,2025-03-01,2025-03-15
Michigan Consumer Sentiment,Sentiment,Leading,Sentiment,monthly,73.0,2025-04-01,2025-04-15
Michigan Consumer Sentiment,Sentiment,Leading,Sentiment,monthly,69.1,2025-05-01,2025-05-15
Michigan Consumer Sentiment,Sentiment,Leading,Sentiment,monthly,61.8,2025-06-01,2025-06-15
Consumer Confidence Index,Sentiment,Leading,Sentiment,monthly,110.7,2024-01-01,2024-01-31
Consumer Confidence Index,Sentiment,Leading,Sentiment,monthly,106.7,2024-02-01,2024-03-02
Consumer Confidence Index,Sentiment,Leading,Sentiment,monthly,104.7,2024-03-01,2024-03-31
Consumer Confidence Index,Sentiment,Leading,Sentiment,monthly,97.0,2024-04-01,2024-05-01
Consumer Confidence Index,Sentiment,Leading,Sentiment,monthly,102.0,2024-05-01,2024-05-31
Consumer Confidence Index,Sentiment,Leading,Sentiment,monthly,100.4,2024-06-01,2024-07-01
Consumer Confidence Index,Sentiment,Leading,Sentiment,monthly,100.3,2024-07-01,2024-07-31
Consumer Confidence Index,Sentiment,Leading,Sentiment,monthly,103.3,2024-08-01,2024-08-31
Consumer Confidence Index,Sentiment,Leading,Sentiment,monthly,108.7,2024-09-01,2024-10-01
Consumer Confidence Index,Sentiment,Leading,Sentiment,monthly,108.7,2024-10-01,2024-10-31
Consumer Confidence Index,Sentiment,Leading,Sentiment,monthly,111.7,2024-11-01,2024-12-01
Consumer Confidence Index,Sentiment,Leading,Sentiment,monthly,104.5,2024-12-01,2024-12-31
Consumer Confidence Index,Sentiment,Leading,Sentiment,monthly,102.9,2025-01-01,2025-01-31
Consumer Confidence Index,Sentiment,Leading,Sentiment,monthly,103.9,2025-02-01,2025-03-03
Consumer Confidence Index,Sentiment,Leading,Sentiment,monthly,104.0,2025-03-01,2025-03-31
Consumer Confidence Index,Sentiment,Leading,Sentiment,monthly,97.0,2025-04-01,2025-05-01
Consumer Confidence Index,Sentiment,Leading,Sentiment,monthly,100.9,2025-05-01,2025-05-31
Consumer Confidence Index,Sentiment,Leading,Sentiment,monthly,100.3,2025-06-01,2025-07-01
